Rock Band 1, https://drive.google.com/file/d/13nn03QUAdHNZz6mjqMUhpgiE07o3mozZ
Rock Band 2, https://drive.google.com/file/d/1Pkt4Kq_x_cSEasmJODW4XN3c71klnS2p
LEGO Rock Band, https://drive.google.com/file/d/1oghzb7W5HHBgZJtZxUvtwleX7X0i28lz
The Beatles: Rock Band, https://drive.google.com/file/d/1xKfn-4ercTpb19WaM5aomtb6UyUMoff6
Green Day: Rock Band, https://drive.google.com/file/d/1mR15wihZ3L3PX2aRBSq17IWKwGyWerOL
Rock Band 3, https://drive.google.com/file/d/1mtje3A0KgDVffASthoNC27s_0yBh2DfB
Rock Band 3 Beta Songs, https://drive.google.com/file/d/14erT0b9JI05rQoxToSSOJ0kDsDjLROj_
Rock Band Blitz, https://drive.google.com/file/d/10k4pRF4_S2Cg9xjc4cn-iTIKdLge911G
Rock Band 4, https://drive.google.com/file/d/1HVSur2_LY4s68Nmr0usdQYhvTolu7p6I
Rock Band Rivals, https://drive.google.com/file/d/1iHfhety0gK4NShn-WCZNBWAFjAQQ-JdI
Rock Band VR, https://drive.google.com/file/d/1LMfJ2uZETg0FBckJVeljEJXHkxQuDMke
Guitar Hero On-Disc 01, https://drive.google.com/file/d/1QotTbYNoFiT7qB6n_qgo8PoQNR6AhDeL
Guitar Hero On-Disc 02, https://drive.google.com/file/d/1MKTOwzm-VHRvo_qBcIYBL2AXUvv50_Qo
Guitar Hero DLC Pack 01, https://drive.google.com/file/d/1PQFsVj3jZv2vz2xKRhwK2XmWs49CnPCu
Guitar Hero DLC Pack 02, https://drive.google.com/file/d/12JtTBX00f7rn9-4i65knY9UoRT8n8ewl
Guitar Hero Also Seen Elsewhere Pack 01, https://drive.google.com/file/d/1eEdKyHjGLL9REBKxyFmD6xAOcUl6PGxK
Guitar Hero Also Seen Elsewhere Pack 02, https://drive.google.com/file/d/1xOpcaivaXDHFmgWxP4Vl6ZyfkI0Mhtfl
Original Versions & GH Masters, https://drive.google.com/file/d/1EtyyDy_5ycjLAyv6Y675Mx8FBbxmtN7d
Rock Band 1/2 DLC 01, https://drive.google.com/file/d/1Cf0U6MOpdMMcH0dav_Mv7yOGeOFJ01Gh
Rock Band 1/2 DLC 02, https://drive.google.com/file/d/1lbm2qoVH9xdf6WScXz5cxhOtfB-RxhJf
Rock Band 1/2 DLC 03, https://drive.google.com/file/d/18R9NIkxn2Jg_btfbm7FrLUeGwagydv2m
Rock Band 1/2 DLC 04, https://drive.google.com/file/d/1xVHdseyjfXSsaXbe4Eiegatw7Yam7i6g
Rock Band 1/2 DLC 05, https://drive.google.com/file/d/1CX0XcqjH39iGU57M-q_bCetCWPoPNC0d
Rock Band 1/2 DLC 06, https://drive.google.com/file/d/1sQerTp7QgiJb1mIXa37exlfeXiP6IcDc
Rock Band 1/2 DLC 07, https://drive.google.com/file/d/1DHJNZGjD_55pRdv6euTFyGDpmgbzTPOg
Rock Band 1/2 DLC 08, https://drive.google.com/file/d/1M3pK2xiT5MsPDDopNjWp1VGbEGizVTZF
Rock Band 1/2 DLC 09, https://drive.google.com/file/d/1KEHncv62YPRbG7frLk7PH0i1KxovM3f2
Rock Band 1/2 DLC 10, https://drive.google.com/file/d/1gsBU4W3nBl-c9spyQ6GtE8G9wJKzkFn5
Rock Band 3 DLC 01, https://drive.google.com/file/d/1N9MFoAg8S8l4F2o9Qs59jbAMuEa8yKAe
Rock Band 3 DLC 02, https://drive.google.com/file/d/1ISZEDfNus4L3uMw9i5NkWFC9z1ucbxrg
Rock Band 3 DLC 03, https://drive.google.com/file/d/1g3TAdPbM23sV7zP9s7QdhgPrJmNqD8TG
Rock Band 3 DLC 04, https://drive.google.com/file/d/1HLsV_HCEsVlv_9OXndE5V_UWnistOb4p
Rock Band 3 DLC 05, https://drive.google.com/file/d/14NYMhzhwsJfqocC50Kl-PIK7EZAx_BCw
Rock Band 4 DLC 01, https://drive.google.com/file/d/1tAqQrKdFZ0PhCzM_ljpWNzNdh2Rr_ciE
Rock Band 4 DLC 02, https://drive.google.com/file/d/1jtoG-_texqxSa3MgmXT0_cGWXJYU9wNo
Rock Band 4 DLC 03, https://drive.google.com/file/d/1jtScezeJvgHTc0t4uzXjGieqITgjOfu0
Rock Band 4 DLC 04, https://drive.google.com/file/d/1nhIplCBM7jQoQQWJTJbg9pcTyGv6te-y
Rock Band 4 DLC 05, https://drive.google.com/file/d/1SIX2u1invYb8c-MPoMPgFpxRLPg33rVo
Rock Band 4 DLC 06, https://drive.google.com/file/d/19JtMP96UM1kh9pRROveWWBbg8lHSX8Tt